{"model_names": ["DACL batch 256", "DACL batch 128", "DACL batch 64"], "accuracies": [0.668988576205071, 0.691696851490666, 0.6978266926720536], "confusion_matrices": [[[656, 85, 1, 38, 10, 24, 17], [95, 466, 4, 38, 197, 120, 104], [2, 8, 50, 2, 12, 35, 2], [39, 27, 0, 1548, 38, 29, 93], [15, 153, 2, 61, 691, 129, 196], [19, 104, 13, 37, 129, 580, 76], [17, 66, 4, 88, 186, 61, 811]], [[665, 73, 0, 37, 14, 24, 18], [79, 531, 1, 29, 190, 102, 92], [3, 7, 62, 3, 8, 27, 1], [37, 22, 0, 1558, 38, 31, 88], [14, 149, 5, 47, 726, 118, 188], [20, 110, 7, 35, 130, 587, 69], [15, 72, 2, 80, 181, 47, 836]], [[672, 70, 1, 38, 16, 21, 13], [76, 526, 4, 29, 210, 102, 77], [2, 8, 65, 3, 6, 24, 3], [34, 25, 0, 1572, 43, 23, 77], [12, 136, 2, 55, 749, 113, 180], [16, 94, 13, 43, 134, 588, 70], [16, 57, 1, 83, 176, 63, 837]]], "classification_reports": [{"0": {"precision": 0.7781731909845789, "recall": 0.789410348977136, "f1-score": 0.7837514934289128, "support": 831.0}, "1": {"precision": 0.5126512651265126, "recall": 0.455078125, "f1-score": 0.4821520951888257, "support": 1024.0}, "2": {"precision": 0.6756756756756757, "recall": 0.45045045045045046, "f1-score": 0.5405405405405406, "support": 111.0}, "3": {"precision": 0.8543046357615894, "recall": 0.8726042841037204, "f1-score": 0.8633575013943112, "support": 1774.0}, "4": {"precision": 0.5471100554235946, "recall": 0.5541299117882919, "f1-score": 0.550597609561753, "support": 1247.0}, "5": {"precision": 0.5930470347648262, "recall": 0.605427974947808, "f1-score": 0.5991735537190083, "support": 958.0}, "6": {"precision": 0.6243264049268669, "recall": 0.6577453365774534, "f1-score": 0.6406003159557662, "support": 1233.0}, "accuracy": 0.668988576205071, "macro avg": {"precision": 0.6550411803805207, "recall": 0.6264066331206944, "f1-score": 0.637167587112731, "support": 7178.0}, "weighted avg": {"precision": 0.66624867605622, "recall": 0.668988576205071, "f1-score": 0.6669101584210182, "support": 7178.0}}, {"0": {"precision": 0.7983193277310925, "recall": 0.8002406738868832, "f1-score": 0.7992788461538461, "support": 831.0}, "1": {"precision": 0.5508298755186722, "recall": 0.5185546875, "f1-score": 0.53420523138833, "support": 1024.0}, "2": {"precision": 0.8051948051948052, "recall": 0.5585585585585585, "f1-score": 0.6595744680851063, "support": 111.0}, "3": {"precision": 0.8708775852431526, "recall": 0.8782412626832018, "f1-score": 0.8745439236598372, "support": 1774.0}, "4": {"precision": 0.5641025641025641, "recall": 0.5821972734562951, "f1-score": 0.5730071033938438, "support": 1247.0}, "5": {"precision": 0.6271367521367521, "recall": 0.6127348643006263, "f1-score": 0.6198521647307286, "support": 958.0}, "6": {"precision": 0.6470588235294118, "recall": 0.6780210867802109, "f1-score": 0.6621782178217822, "support": 1233.0}, "accuracy": 0.691696851490666, "macro avg": {"precision": 0.6947885333509216, "recall": 0.6612212010236823, "f1-score": 0.6746628507476391, "support": 7178.0}, "weighted avg": {"precision": 0.691532885047131, "recall": 0.691696851490666, "f1-score": 0.6910984311707875, "support": 7178.0}}, {"0": {"precision": 0.8115942028985508, "recall": 0.8086642599277978, "f1-score": 0.810126582278481, "support": 831.0}, "1": {"precision": 0.574235807860262, "recall": 0.513671875, "f1-score": 0.5422680412371134, "support": 1024.0}, "2": {"precision": 0.7558139534883721, "recall": 0.5855855855855856, "f1-score": 0.6598984771573604, "support": 111.0}, "3": {"precision": 0.8623148656061437, "recall": 0.8861330326944757, "f1-score": 0.8740617180984154, "support": 1774.0}, "4": {"precision": 0.5614692653673163, "recall": 0.6006415396952687, "f1-score": 0.5803951956605967, "support": 1247.0}, "5": {"precision": 0.6295503211991434, "recall": 0.6137787056367432, "f1-score": 0.6215644820295984, "support": 958.0}, "6": {"precision": 0.665871121718377, "recall": 0.6788321167883211, "f1-score": 0.672289156626506, "support": 1233.0}, "accuracy": 0.6978266926720536, "macro avg": {"precision": 0.6944070768768807, "recall": 0.6696153021897417, "f1-score": 0.6800862361554387, "support": 7178.0}, "weighted avg": {"precision": 0.6966250550265664, "recall": 0.6978266926720536, "f1-score": 0.6966391746816494, "support": 7178.0}}]}